i_st	i_en	p_sz	c_n	cons_sz	pct_mat	pct_indl	scr	A	C	G	T	en	pat	algn_pre	algn	algn_pst	len
1206	1251	2	23.0	2	100	0	92	0	0	50	50	1.00	TG	TGTGTGTGTGTGTGTGTGTGTGTGTGTGTGTGTGTGTGTGTGTGTG	CACCACTTCCAATTTTTCTCCCCAGAAAAGAGCTACTATAAGTATCTTTA	ATTTTCCTTTTTGATTTTTTCTTTTGGGATTCAGACCTAGTAATGGTATT	45
2642	2721	14	5.4	14	81	11	88	23	2	16	57	1.51	TATTTATTTGATAG	TATTTATTTCTGATAGTATTCATTTGATAGTATTTTGATTTGATGGTATTTATTTGTATAGTATTTATTTGGTAGTATTT	GTTAGATTTATATTTTCCTCCATTTGTCTGTAATATTGTTTTTTTAAATT	TGATTTACTGATAGTAAACGTAGTACTATGTCTCTTCAGTTACTTTAACA	79
3409	3449	2	20.5	2	94	0	73	48	48	0	2	1.14	CA	CACATACACACACACACACACACACACACACACACACACAC	ATTCCAAGACCAGGGTACTTTTCTCTGCAGCATACAGTGCCTCCACCCTT	GCACTTGGGATTTATAAGGAAGCTTATCCCCTAAGGGATTTGATGAAAGG	40
14132	14186	2	27.5	2	96	0	101	50	47	0	1	1.11	AC	ACACACACACACACACACACACACACACACACACACACACACACACATACACACA	CCTCCTTCTGGACCATTGCTGGCCATGTCTGGTATATGTCCTTTCTAAGA	GGCAAAGAAAGGGAGTGGGAGATAGAGGGAGAGGGGGAGAGGGAGGGAGG	54
14211	14267	4	13.8	4	89	7	87	26	0	73	0	0.83	GAGG	GAGGGAGAGGGGGAGAGGGAGGGAGGGAGGGAGGGAGGGAGGGAGGGAGGGAGGGAG	CACACACACACACACACATACACACAGGCAAAGAAAGGGAGTGGGAGATA	AGAGAGAGAGAGAGAGAGAGAGAGAGAGAGAGAGAGAGAGAGAGAGAGAG	56
14265	14327	2	31.5	2	100	0	126	49	0	50	0	1.00	GA	GAGAGAGAGAGAGAGAGAGAGAGAGAGAGAGAGAGAGAGAGAGAGAGAGAGAGAGAGAGAGAG	GAGAGGGGGAGAGGGAGGGAGGGAGGGAGGGAGGGAGGGAGGGAGGGAGG	CGCACAATCTGTCCTGAAAATAACGATTTCAGTGGCATAATTCTCAGGGC	62
17416	17471	16	3.5	16	85	0	76	44	19	7	28	1.77	CATGTATACATACATA	CATGTATACACACATACATGTATACATACACACATGTAAACATATATACATGTATA	ATCCCTCTACTTATGCCTTCAATTCCTTTCGCATATATACATTATATATG	TGTATACATATATGTATATCTTCAATTTTACTACTATTTCTACCTCTCAA	55
26067	26103	12	3.1	12	88	0	56	10	18	48	21	1.78	GAGTGTGTGCGC	GAGTGCGTGCGCAAGTGTGTGCGCGAGTGTGTGCGCG	AGCAGGGGAGGGTGTGGGCGGGCAGGGGTCCTATTAGGGAGAGTGACAGT	CTTGTGCAAGCGTGCTTGTGCAAGCGCGAAGCGAGGTAATGAAACCTCCA	36
26103	26129	14	1.9	14	100	0	54	14	22	37	25	1.93	GCTTGTGCAAGCGT	GCTTGTGCAAGCGTGCTTGTGCAAGCG	GGGAGAGTGACAGTGAGTGCGTGCGCAAGTGTGTGCGCGAGTGTGTGCGC	CGAAGCGAGGTAATGAAACCTCCACGCACGCACGCGGGACCTGCCCGGTA	26
26801	26836	18	2.0	18	88	0	54	5	77	11	5	1.10	GCACCCCCCCCCCCCGCC	GCACCCCCCCCCCCCGCCGCACTCCCCTCCCCCGCC	ACCACAAACAGTACAAAACACGACAATTCATGCCCCACCCGCACTCCTCT	CCAACCCCCTCTCGCTCTTCTTTCTCCTCCTCCTCCCTCATCTCCTTTTT	35
26805	26847	18	2.4	17	81	11	50	6	79	6	6	1.07	CCCCCTCCCCCGCCCCA	CCCCCCCCCCCGCCGCACTCCCCTCCCCCGCCCCAACCCCCTC	CAAACAGTACAAAACACGACAATTCATGCCCCACCCGCACTCCTCTGCAC	TCGCTCTTCTTTCTCCTCCTCCTCCCTCATCTCCTTTTTCTCCCCTCCTG	42
26843	27186	24	13.0	27	72	17	110	2	59	0	37	1.17	CCCTCTCCTCTTCTTTCTCCTCCTCCT	CCCTCTCGCTCTTCTTTCTCCTCCTCCTCCCTCATCTCCTTTTTCTCCCCTCCTGTCTCTCCTCTTCTAACTCCCTCCTCCCCCCTCATCCTCCCACTCTCTCCTCTTCTCCTCCTTCCCCTCCCTCCTCTTCTCCTCCTTTTCCTCCCTCCTCTTCTCCTCCTTTTCCTCCCTCCTCTTCTCCTCCTTCCCCTCCCTCTTCTCCTCCTCCCTCCTCCTACCCCTCCCTTCTCTCCTCCTCCTACCCCTCCCCTTCTCTCCTCCTCCTACCCCTCCCTCCTCTTCTCCTCCTACCCCTCCCTCCTCTTCTCCTCCTACTCCTCCCTCTTCTCCTTCTCCCCTCC	ACTCCTCTGCACCCCCCCCCCCCGCCGCACTCCCCTCCCCCGCCCCAACC	CTTCTCTCCTCCCCTCCTTCCTCTCACTCCTCCCTTCTCTCCCCCCTCCC	343
26934	27292	24	15.0	24	79	13	294	1	61	0	36	1.07	TCCCCTCCCTCCTCTTCTCCTCCT	TCCCACTCTCTCCTCTTCTCCTCCTTCCCCTCCCTCCTCTTCTCCTCCTTTTCCTCCCTCCTCTTCTCCTCCTTTTCCTCCCTCCTCTTCTCCTCCTTCCCCTCCCTCTTCTCCTCCTCCCTCCTCCTACCCCTCCCTTCTCTCCTCCTCCTACCCCTCCCCTTCTCTCCTCCTCCTACCCCTCCCTCCTCTTCTCCTCCTACCCCTCCCTCCTCTTCTCCTCCTACTCCTCCCTCTTCTCCTTCTCCCCTCCCTTCTCTCCTCCCCTCCTTCCTCTCACTCCTCCCTTCTCTCCCCCCTCCCTCCTCTCCTCTCCCCCTCCCTCCTCTCTTCTCTCCCCCTCCCTCCTCTCCTCCTCC	TTTCTCCCCTCCTGTCTCTCCTCTTCTAACTCCCTCCTCCCCCCTCATCC	CCCTCCCTCTTCCTATATATTGCCAACTTAATGCTAATGCATGATTACAT	358
26916	27298	3	129.7	3	66	24	117	2	62	0	35	1.07	CCT	CCTCCTCCCCCCTCATCCTCCCACTCTCTCCTCTTCTCCTCCTTCCCCTCCCTCCTCTTCTCCTCCTTTTCCTCCCTCCTCTTCTCCTCCTTTTCCTCCCTCCTCTTCTCCTCCTTCCCCTCCCTCTTCTCCTCCTCCCTCCTCCTACCCCTCCCTTCTCTCCTCCTCCTACCCCTCCCCTTCTCTCCTCCTCCTACCCCTCCCTCCTCTTCTCCTCCTACCCCTCCCTCCTCTTCTCCTCCTACTCCTCCCTCTTCTCCTTCTCCCCTCCCTTCTCTCCTCCCCTCCTTCCTCTCACTCCTCCCTTCTCTCCCCCCTCCCTCCTCTCCTCTCCCCCTCCCTCCTCTCTTCTCTCCCCCTCCCTCCTCTCCTCCTCCCCCTCC	CTCCTCCCTCATCTCCTTTTTCTCCCCTCCTGTCTCTCCTCTTCTAACTC	CTCTTCCTATATATTGCCAACTTAATGCTAATGCATGATTACATCCTTAT	382
26946	27228	152	1.9	149	85	7	392	2	60	0	37	1.09	CTCTCCTCCTCCTACCCCTCCCTCCTCTTCTCCTCCTACCCCTCCCTCCTCTTCTCCTCCTACTCCTCCCTCTTCTCCTCCTCCCCTCCCTTCTCTCCTCCCTCCCTCCTCTCACCCCTCCCTTCTCTCCTCCTCCTACCCCTCCCCTT	CTCTTCTCCTCCTTCCCCTCCCTCCTCTTCTCCTCCTTTTCCTCCCTCCTCTTCTCCTCCTTTTCCTCCCTCCTCTTCTCCTCCTTCCCCTCCCTCTTCTCCTCCTCCCTCCTCCTACCCCTCCCTTCTCTCCTCCTCCTACCCCTCCCCTTCTCTCCTCCTCCTACCCCTCCCTCCTCTTCTCCTCCTACCCCTCCCTCCTCTTCTCCTCCTACTCCTCCCTCTTCTCCTTCTCCCCTCCCTTCTCTCCTCCCCTCCTTCCTCTCACTCCTCCCTTCTCTCC	TGTCTCTCCTCTTCTAACTCCCTCCTCCCCCCTCATCCTCCCACTCTCTC	CCCCTCCCTCCTCTCCTCTCCCCCTCCCTCCTCTCTTCTCTCCCCCTCCC	282
26917	27304	128	3.0	127	81	9	362	2	62	0	35	1.07	CTCCTCCTCCCTCATCCTCCCACTCCCTCCTCTCCTCCTCCTACCCCTCCCTCCTCTCCTCCTCCTACCCCTCCCTCCTCTTCTCCTCCTACCCCTCCCTCCTCTTCTCCTCCTACCCCTCCCTCTT	CTCCTCCCCCCTCATCCTCCCACTCTCTCCTCTTCTCCTCCTTCCCCTCCCTCCTCTTCTCCTCCTTTTCCTCCCTCCTCTTCTCCTCCTTTTCCTCCCTCCTCTTCTCCTCCTTCCCCTCCCTCTTCTCCTCCTCCCTCCTCCTACCCCTCCCTTCTCTCCTCCTCCTACCCCTCCCCTTCTCTCCTCCTCCTACCCCTCCCTCCTCTTCTCCTCCTACCCCTCCCTCCTCTTCTCCTCCTACTCCTCCCTCTTCTCCTTCTCCCCTCCCTTCTCTCCTCCCCTCCTTCCTCTCACTCCTCCCTTCTCTCCCCCCTCCCTCCTCTCCTCTCCCCCTCCCTCCTCTCTTCTCTCCCCCTCCCTCCTCTCCTCCTCCCCCTCCCTCTTC	TCCTCCCTCATCTCCTTTTTCTCCCCTCCTGTCTCTCCTCTTCTAACTCC	CTATATATTGCCAACTTAATGCTAATGCATGATTACATCCTTATATGTAC	387
27010	27301	43	6.7	41	72	17	173	2	64	0	33	1.06	CCTCCCTCCTCTCCTCCCCCCTCCCTCCTCTCTTCTCTCCC	CCTCCCTCCTCTTCTCCTCCTTCCCCTCCCTCTTCTCCTCCTCCCTCCTCCTACCCCTCCCTTCTCTCCTCCTCCTACCCCTCCCCTTCTCTCCTCCTCCTACCCCTCCCTCCTCTTCTCCTCCTACCCCTCCCTCCTCTTCTCCTCCTACTCCTCCCTCTTCTCCTTCTCCCCTCCCTTCTCTCCTCCCCTCCTTCCTCTCACTCCTCCCTTCTCTCCCCCCTCCCTCCTCTCCTCTCCCCCTCCCTCCTCTCTTCTCTCCCCCTCCCTCCTCTCCTCCTCCCCCTCCCTC	CCCCTCCCTCCTCTTCTCCTCCTTTTCCTCCCTCCTCTTCTCCTCCTTTT	TTCCTATATATTGCCAACTTAATGCTAATGCATGATTACATCCTTATATG	291
29701	29763	33	1.9	33	83	6	83	9	61	6	22	1.49	CCCTCCCTCCCAAGCCTCATCCCTGGCCCCCCT	CCCTCCCTCTCAAGCCTCATCCCTTGCCCCCCTCCCTCCCTCCCAACTTCCATCCCTGGCCCC	GGTCCCTCCCAAGCTCCCTCCCTACCCTTCCAAACCCCATGCCTTGCTCC	TCCCTTCTCCAAGTCTCATACCTTGCTCCCTCCTCTCTTCATTCAACCCC	62
31188	31233	13	3.5	13	78	0	56	54	2	4	39	1.32	ATATATAAAATAT	ATATATAAAATATATATATGATATATGTATATAAAATATACATATA	GTGATATAGTACTTCAGGGTTTAAAGCCCTGTGTGTGTGTGTGTATATAC	TTATGTGATACATCCATCTTTTGAAGGGAACCCTTTATAATCTGTTCTCC	45
31189	31239	26	2.0	24	88	7	75	49	1	5	43	1.38	TATATAAAATATACATATATTATG	TATATAAAATATATATATGATATATGTATATAAAATATACATATATTATGT	TGATATAGTACTTCAGGGTTTAAAGCCCTGTGTGTGTGTGTGTATATACA	GATACATCCATCTTTTGAAGGGAACCCTTTATAATCTGTTCTCCTAAAAC	50
37741	37789	23	2.2	22	86	10	73	0	67	0	32	0.91	CCTCCCTCCTCCCCCTTCCTCT	CCTCCCCCTCCCCCTTCCTCTCTCTCCCTCCTCCCCCTTTCTCTCCTCC	CCCTCCCTCCTTTTTCTTTTCCCCTCTTCTTTCCCCCTTTCTTTCTTCCC	TGCCCCCTTCTCTCTCTCTTTACTTCTCTGCCCTCCCCCTCTCAATTTAC	48
37742	37807	19	3.1	21	77	20	75	0	63	1	34	1.04	CTCCTCCTCCCCCTTCTCTCT	CTCCCCCTCCCCCTTCCTCTCTCTCCCTCCTCCCCCTTTCTCTCCTCCTGCCCCCTTCTCTCTCTC	CCTCCCTCCTTTTTCTTTTCCCCTCTTCTTTCCCCCTTTCTTTCTTCCCC	TTTACTTCTCTGCCCTCCCCCTCTCAATTTACAATGGAGAAGCTATTTGG	65
40586	40630	7	6.4	7	80	10	56	0	0	20	80	0.72	TTGTTTT	TTGTTTTTTGGTTTTTTGTTTTTGGTTTTTTGTTTGTTTTTTTTG	CACAATGGGGAGGCCAGAAGGGTGCACAAACTATTTTAGCCAACAAGTAC	CCTATGCAAAGTTAATCAAGTTGGTCAAGGACAATATATGTACAGGCTCA	44
40590	40620	14	2.2	14	100	0	62	0	0	19	80	0.71	TTTTTGGTTTTTTG	TTTTTGGTTTTTTGTTTTTGGTTTTTTGTTT	ATGGGGAGGCCAGAAGGGTGCACAAACTATTTTAGCCAACAAGTACTTGT	GTTTTTTTTGCCTATGCAAAGTTAATCAAGTTGGTCAAGGACAATATATG	30
41625	41658	10	3.2	10	91	8	50	35	23	0	41	1.55	TTACTAACTA	TTACTAACTATTACTAACTATTCCACTAACTATT	TATTTGTAACACATTTTTGAGTTGAGACCTAAAATGTTCGTGATAATCCT	GATATTCAACTATTGAGCTAACTATTGATATTCAGTTTTACAGTGCTAGT	33
41640	41692	26	2.0	26	89	7	81	35	18	7	37	1.80	AACTATTCAGCTAACTATTGATATTC	AACTATTCCACTAACTATTGATATTCAACTATTGAGCTAACTATTGATATTCA	TTTGAGTTGAGACCTAAAATGTTCGTGATAATCCTTTACTAACTATTACT	GTTTTACAGTGCTAGTGTTTCTATCTGTATAAGTTAGTCAAGGTCCATTT	52
41652	41692	14	3.1	14	72	13	50	36	14	9	39	1.79	AACTATTGATATTC	AACTATTGATATTCAACTATTGAGCTAACTATTGATATTCA	CCTAAAATGTTCGTGATAATCCTTTACTAACTATTACTAACTATTCCACT	GTTTTACAGTGCTAGTGTTTCTATCTGTATAAGTTAGTCAAGGTCCATTT	40
41627	41686	12	5.1	11	75	18	50	36	20	6	36	1.79	ACTAACTATTG	ACTAACTATTACTAACTATTCCACTAACTATTGATATTCAACTATTGAGCTAACTATTGA	TTTGTAACACATTTTTGAGTTGAGACCTAAAATGTTCGTGATAATCCTTT	TATTCAGTTTTACAGTGCTAGTGTTTCTATCTGTATAAGTTAGTCAAGGT	59
